{
  "parameters": {
    "iterations": 25,
    "population_size": 250,
    "max_generations": 2000,
    "crossover_rate": 0.8,
    "mutation_rate": 0.3,
    "tournament_size": 2,
    "elitism_ratio": 0.05,
    "head_length": 5
  },
  "results": [
    {
      "iteration": 1,
      "generations": 33,
      "best_fitness": 0.9999980000252477,
      "perfect_found": true,
      "final_avg_fitness": 0.4128808763891346,
      "best_individual": {
        "expression": {
          "Individual": {
            "Head": "['multiply', 'subtract', '@1', 'x0', 'x0']",
            "Tail": "['x0', 'x0', 'x0', 'x0', 'x0', 'x0']",
            "Weights": "[-2.2135112980509293, 1.2776625402292126, 2.3908544098728863, -2.03124301948485, 0.39034440293795447]",
            "Biases": "[0.7918020515632443, -0.7063635168326328, -2.0452652615817297, -1.539443665994057, -1.1767368781919387]"
          }
        },
        "fitness": 0.9999980000252477
      }
    },
    {
      "iteration": 2,
      "generations": 64,
      "best_fitness": 0.9999980000252477,
      "perfect_found": true,
      "final_avg_fitness": 0.5063302773863658,
      "best_individual": {
        "expression": {
          "Individual": {
            "Head": "['multiply', '@4', 'tanh1', 'x0', '@2']",
            "Tail": "['x0', 'x0', 'x0', 'x0', 'x0', 'x0']",
            "Weights": "[-1.8910343122633237, 1.8729890046584325, 3.2674631821464395, 0.5544797859508306, -1.0306643890062166]",
            "Biases": "[0.48824577003566694, -0.4381449229318382, -1.8590114785764358, -1.1599179611964832, -0.08178119665662442]"
          }
        },
        "fitness": 0.9999980000252477
      }
    },
    {
      "iteration": 3,
      "generations": 568,
      "best_fitness": 0.9999980000252477,
      "perfect_found": true,
      "final_avg_fitness": 0.43779280395078457,
      "best_individual": {
        "expression": {
          "Individual": {
            "Head": "['multiply', 'not_f', 'subtract', '@2', 'x0']",
            "Tail": "['x0', 'x0', 'x0', 'x0', 'x0', 'x0']",
            "Weights": "[2.360171061407623, 0.48548776170498387, 2.482341965550846, 7.012843764192739, -3.697481052276653]",
            "Biases": "[-1.8365263813659223, 0.2321965972980784, -0.561957339928516, -2.1327776867531822, -3.0551959654832954]"
          }
        },
        "fitness": 0.9999980000252477
      }
    },
    {
      "iteration": 4,
      "generations": 1387,
      "best_fitness": 0.9999980000252477,
      "perfect_found": true,
      "final_avg_fitness": 0.49387105637367096,
      "best_individual": {
        "expression": {
          "Individual": {
            "Head": "['tanh', 'multiply', 'x0', 'not_f', '@2']",
            "Tail": "['x0', 'x0', 'x0', 'x0', 'x0', 'x0']",
            "Weights": "[1.2122327514583902, 6.800857363420792, -3.232572069782588, 3.1130560056140593, -3.937235530770087]",
            "Biases": "[0.14892122782607597, -1.6401299657742823, -4.11907370993224, 0.5353676397320237, 0.4960907347785555]"
          }
        },
        "fitness": 0.9999980000252477
      }
    },
    {
      "iteration": 5,
      "generations": 143,
      "best_fitness": 0.9999980000252477,
      "perfect_found": true,
      "final_avg_fitness": 0.42580441295487853,
      "best_individual": {
        "expression": {
          "Individual": {
            "Head": "['multiply', 'not_f', '@1', 'x0', '@0']",
            "Tail": "['x0', 'x0', 'x0', 'x0', 'x0', 'x0']",
            "Weights": "[-1.921531311959804, 2.0144937971154144, -3.5671620203342003, -0.7169758220240088, 0.3256795417661202]",
            "Biases": "[0.3246204432262703, -2.39876178867694, -0.9915422954628809, 3.721598443140596, 1.6572905500889106]"
          }
        },
        "fitness": 0.9999980000252477
      }
    },
    {
      "iteration": 6,
      "generations": 45,
      "best_fitness": 0.9999980000252477,
      "perfect_found": true,
      "final_avg_fitness": 0.2769474047479976,
      "best_individual": {
        "expression": {
          "Individual": {
            "Head": "['multiply', 'subtract', '@1', 'x0', 'relu1']",
            "Tail": "['x0', 'x0', 'x0', 'x0', 'x0', 'x0']",
            "Weights": "[-2.6416841275201497, 1.0872198649954345, 1.7820846162915625, -0.42331907867485624, -1.5990088074323148]",
            "Biases": "[-0.24297298625195873, -1.374991055538557, 1.9799693930569928, -1.031055820003146, 0.06374262859363672]"
          }
        },
        "fitness": 0.9999980000252477
      }
    },
    {
      "iteration": 7,
      "generations": 179,
      "best_fitness": 0.9999980000252477,
      "perfect_found": true,
      "final_avg_fitness": 0.4544160988531093,
      "best_individual": {
        "expression": {
          "Individual": {
            "Head": "['multiply', 'multiply', '@1', 'x0', 'x0']",
            "Tail": "['x0', 'x0', 'x0', 'x0', 'x0', 'x0']",
            "Weights": "[-2.2559646808593907, 1.2839396241147414, -1.700766050289781, 1.5258494973248746, -2.335658429392734]",
            "Biases": "[0.3266122742362879, 1.7448198598502456, 0.3532783128637532, -3.0202960859855765, -1.3986809508893676]"
          }
        },
        "fitness": 0.9999980000252477
      }
    },
    {
      "iteration": 8,
      "generations": 254,
      "best_fitness": 0.999994373538603,
      "perfect_found": true,
      "final_avg_fitness": 0.4102746726369004,
      "best_individual": {
        "expression": {
          "Individual": {
            "Head": "['multiply', 'add', 'tanh1', '@2', '@2']",
            "Tail": "['x0', 'x0', 'x0', 'x0', 'x0', 'x0']",
            "Weights": "[-0.9173300813995761, 2.7492413431416516, 1.1469066005342288, 2.681369890573242, -3.0826737923198384]",
            "Biases": "[0.2544222014693175, 0.42403322425425727, 0.11528396330010604, -3.886363891741915, -0.6472805834274852]"
          }
        },
        "fitness": 0.999994373538603
      }
    },
    {
      "iteration": 9,
      "generations": 374,
      "best_fitness": 0.9999980000252477,
      "perfect_found": true,
      "final_avg_fitness": 0.45865309178319136,
      "best_individual": {
        "expression": {
          "Individual": {
            "Head": "['subtract', 'x0', 'multiply', 'relu1', '@3']",
            "Tail": "['x0', 'x0', 'x0', 'x0', 'x0', 'x0']",
            "Weights": "[-1.9909123535234217, -2.7826388674497426, -3.2057422292589726, 2.102289283727643, 2.5810952578033333]",
            "Biases": "[2.9030452773519966, -0.8687610010179321, -2.393861961139357, 1.0824652442589937, 4.882284378585883]"
          }
        },
        "fitness": 0.9999980000252477
      }
    },
    {
      "iteration": 10,
      "generations": 144,
      "best_fitness": 0.9999980000252477,
      "perfect_found": true,
      "final_avg_fitness": 0.4344316135210971,
      "best_individual": {
        "expression": {
          "Individual": {
            "Head": "['multiply', 'relu', '@4', 'relu1', '@1']",
            "Tail": "['x0', 'x0', 'x0', 'x0', 'x0', 'x0']",
            "Weights": "[-2.769984925826912, 1.167053343288055, 2.119119784860885, -0.3002603691410677, 3.9614978369164646]",
            "Biases": "[0.21045252096037803, -2.3948751581375376, 0.33156544880154626, 3.466314303138568, -1.6854928821657937]"
          }
        },
        "fitness": 0.9999980000252477
      }
    },
    {
      "iteration": 11,
      "generations": 57,
      "best_fitness": 0.9999616100501556,
      "perfect_found": true,
      "final_avg_fitness": 0.3795884388564504,
      "best_individual": {
        "expression": {
          "Individual": {
            "Head": "['multiply', 'not_f', '@1', 'tanh1', 'x0']",
            "Tail": "['x0', 'x0', 'x0', 'x0', 'x0', 'x0']",
            "Weights": "[0.7159235552770233, -1.4461698747903826, -4.028444204934878, -0.8270248641369314, -0.5385385482907978]",
            "Biases": "[0.15903141572586593, 1.1654149061040482, -0.44285345853415914, -1.3995499695616747, 2.1308660745883135]"
          }
        },