{
  "parameters": {
    "iterations": 25,
    "population_size": 250,
    "max_generations": 2000,
    "crossover_rate": 0.8,
    "mutation_rate": 0.25,
    "tournament_size": 2,
    "elitism_ratio": 0.05,
    "head_length": 5
  },
  "results": [
    {
      "iteration": 1,
      "generations": 444,
      "best_fitness": 0.9999980000252477,
      "perfect_found": true,
      "final_avg_fitness": 0.5289984004811379,
      "best_individual": {
        "expression": {
          "Individual": {
            "Head": "['relu1', 'multiply', 'multiply', '@2', 'x0']",
            "Tail": "['x0', 'x0', 'x0', 'x0', 'x0', 'x0']",
            "Weights": "[-0.12351743991037167, 6.59455116872697, 6.786577237202739, -2.745840636512215, 1.7724292540006168]",
            "Biases": "[-0.551596357908566, -3.1555938332657787, 0.12327384868346397, 2.264360760125207, 0.5171282726491199]"
          }
        },
        "fitness": 0.9999980000252477
      }
    },
    {
      "iteration": 2,
      "generations": 166,
      "best_fitness": 0.9999980000252477,
      "perfect_found": true,
      "final_avg_fitness": 0.524776507822801,
      "best_individual": {
        "expression": {
          "Individual": {
            "Head": "['multiply', 'tanh', '@1', 'x0', 'x0']",
            "Tail": "['x0', 'x0', 'x0', 'x0', 'x0', 'x0']",
            "Weights": "[-2.153395298964835, 1.5277766904785242, 2.950802885733356, -0.5220280351509523, 1.1790564267856665]",
            "Biases": "[0.4168794673676586, -0.400721396728855, -1.2793683637582347, 0.7568349441735299, -0.9905295515583836]"
          }
        },
        "fitness": 0.9999980000252477
      }
    },
    {
      "iteration": 3,
      "generations": 218,
      "best_fitness": 0.9999980000252477,
      "perfect_found": true,
      "final_avg_fitness": 0.5090046166667551,
      "best_individual": {
        "expression": {
          "Individual": {
            "Head": "['multiply', 'add', '@1', '@3', 'x0']",
            "Tail": "['x0', 'x0', 'x0', 'x0', 'x0', 'x0']",
            "Weights": "[3.682791049680964, -3.2311802642780227, -1.7911799399066137, 2.4090219834065665, -2.7279268816649442]",
            "Biases": "[0.48570668306607895, -0.5156404853501277, -0.11562287889196554, -0.05344106036674834, 0.17774709370406994]"
          }
        },
        "fitness": 0.9999980000252477
      }
    },
    {
      "iteration": 4,
      "generations": 2000,
      "best_fitness": 0.5482644653320312,
      "perfect_found": false,
      "final_avg_fitness": 0.4548013841552735,
      "best_individual": {
        "expression": {
          "Individual": {
            "Head": "['tanh', 'subtract', '@1', '@4', 'x0']",
            "Tail": "['x0', 'x0', 'x0', 'x0', 'x0', 'x0']",
            "Weights": "[-9.306363150658287, -6.98587087686554, -7.503193426492681, -0.23712542245509444, 0.03565655592007519]",
            "Biases": "[-0.3326630384150641, 0.984806866508103, 6.205155099049773, -2.101357038278816, -2.1783726292206227]"
          }
        },
        "fitness": 0.5482644653320312
      }
    },
    {
      "iteration": 5,
      "generations": 45,
      "best_fitness": 0.9999980000252477,
      "perfect_found": true,
      "final_avg_fitness": 0.4843734733702933,
      "best_individual": {
        "expression": {
          "Individual": {
            "Head": "['multiply', 'relu1', 'relu', 'x0', '@1']",
            "Tail": "['x0', 'x0', 'x0', 'x0', 'x0', 'x0']",
            "Weights": "[2.0120034700937897, 0.47262018468089173, 2.193091403226415, -3.051057821071541, 0.05943054716689792]",
            "Biases": "[0.24673128091880014, -1.2437549177971192, -0.7368402408769705, -2.2800007067247763, 0.8625570653245598]"
          }
        },
        "fitness": 0.9999980000252477
      }
    },
    {
      "iteration": 6,
      "generations": 31,
      "best_fitness": 0.9999980000252477,
      "perfect_found": true,
      "final_avg_fitness": 0.37865862979745263,
      "best_individual": {
        "expression": {
          "Individual": {
            "Head": "['multiply', 'add', '@1', '@3', 'x0']",
            "Tail": "['x0', 'x0', 'x0', 'x0', 'x0', 'x0']",
            "Weights": "[-2.0058459936785225, 2.095017274879943, 0.9588035059525004, -1.58859236616798, -0.7556465422882692]",
            "Biases": "[0.13559503514998028, 0.23699886655626096, -0.8278326107965556, -1.0264826980761363, 0.6775358358288838]"
          }
        },
        "fitness": 0.9999980000252477
      }
    },
    {
      "iteration": 7,
      "generations": 628,
      "best_fitness": 0.9999980000252477,
      "perfect_found": true,
      "final_avg_fitness": 0.4420742937579135,
      "best_individual": {
        "expression": {
          "Individual": {
            "Head": "['multiply', 'multiply', '@1', 'sigmoid1', 'x0']",
            "Tail": "['x0', 'x0', 'x0', 'x0', 'x0', 'x0']",
            "Weights": "[-1.4811721148182098, 0.9037367526163724, -3.260603924547128, -0.3623739316338871, -3.2230568614545145]",
            "Biases": "[0.32623376097199985, -1.971257791847365, 2.723635227431523, -3.678719613080631, -0.3531871173555107]"
          }
        },
        "fitness": 0.9999980000252477
      }
    },
    {
      "iteration": 8,
      "generations": 436,
      "best_fitness": 0.9999980000252477,
      "perfect_found": true,
      "final_avg_fitness": 0.45607449144608964,
      "best_individual": {
        "expression": {
          "Individual": {
            "Head": "['multiply', 'add', '@1', 'x0', 'x0']",
            "Tail": "['x0', 'x0', 'x0', 'x0', 'x0', 'x0']",
            "Weights": "[-2.0899321719970185, 0.9338867285660171, -1.0162468349544111, -2.0409411282431216, 0.8838881850910348]",
            "Biases": "[0.4418656147281488, 1.3780827397231417, 1.6876522473139937, -7.144476944407942, 1.8732480590786822]"
          }
        },
        "fitness": 0.9999980000252477
      }
    },
    {
      "iteration": 9,
      "generations": 16,
      "best_fitness": 0.9999980000252477,
      "perfect_found": true,
      "final_avg_fitness": 0.4852234990003639,
      "best_individual": {
        "expression": {
          "Individual": {
            "Head": "['multiply', 'tanh1', 'multiply', '@2', 'x0']",
            "Tail": "['x0', 'x0', 'x0', 'x0', 'x0', 'x0']",
            "Weights": "[-0.8321955954784329, -2.196344025154149, -1.5007993096595802, -2.6583135523647465, 1.3940687791389075]",
            "Biases": "[0.5145535200488288, 0.5587205773826389, 1.3565655760414714, 0.8433138024854754, 0.8969702333920144]"
          }
        },
        "fitness": 0.9999980000252477
      }
    },
    {
      "iteration": 10,
      "generations": 25,
      "best_fitness": 0.9999980000252477,
      "perfect_found": true,
      "final_avg_fitness": 0.4089469674932386,
      "best_individual": {
        "expression": {
          "Individual": {
            "Head": "['multiply', 'add', '@1', 'x0', '@3']",
            "Tail": "['x0', 'x0', 'x0', 'x0', 'x0', 'x0']",
            "Weights": "[1.927613734779785, -1.7268384797533893, -3.422564705780468, 0.8489933701496453, 0.5748045320324047]",
            "Biases": "[0.6082408723502549, 0.49064328965507764, -1.5856841107804616, -0.1615334153369479, 0.6256558408222398]"
          }
        },
        "fitness": 0.9999980000252477
      }
    },
    {
      "iteration": 11,
      "generations": 605,
      "best_fitness": 0.9999980000252477,
      "perfect_found": true,
      "final_avg_fitness": 0.5345486366757859,
      "best_individual": {
        "expression": {
          "Individual": {
            "Head": "['tanh', 'multiply', '@0', 'not_f', '@3']",
            "Tail": "['x0', 'x0', 'x0', 'x0', 'x0', 'x0']",
            "Weights": "[4.216952470698034, 3.3700579367126697, 6.724444027002854, -2.0098405790348695, -3.298067703947038]",
            "Biases": "[0.3847852477958654, -2.5383245322958485, -2.478218364318746, 2.8380421913382445, -0.690021025313697]"
          }
        },