{
  "parameters": {
    "iterations": 25,
    "population_size": 250,
    "max_generations": 2000,
    "crossover_rate": 0.8,
    "mutation_rate": 0.35,
    "tournament_size": 2,
    "elitism_ratio": 0.05,
    "head_length": 5
  },
  "results": [
    {
      "iteration": 1,
      "generations": 2000,
      "best_fitness": 0.6552511471968431,
      "perfect_found": false,
      "final_avg_fitness": 0.4557436903245334,
      "best_individual": {
        "expression": {
          "Individual": {
            "Head": "['relu', 'multiply', '@1', '@1', 'x0']",
            "Tail": "['x0', 'x0', 'x0', 'x0', 'x0', 'x0']",
            "Weights": "[-1.4636140573646252, -3.370377484649687, -4.5365493516271025, 5.1428544583928595, -0.8401572792233184]",
            "Biases": "[0.148849656392155, 3.3960483564118507, 1.2339500328331645, -1.549986713493052, 0.7208423082225679]"
          }
        },
        "fitness": 0.6552511471968431
      }
    },
    {
      "iteration": 2,
      "generations": 111,
      "best_fitness": 0.9999980000252477,
      "perfect_found": true,
      "final_avg_fitness": 0.41653328036773923,
      "best_individual": {
        "expression": {
          "Individual": {
            "Head": "['multiply', 'not_f', 'multiply', '@2', 'x0']",
            "Tail": "['x0', 'x0', 'x0', 'x0', 'x0', 'x0']",
            "Weights": "[1.4780226013331688, 0.9984757599870462, 1.1130832649137972, 6.426114836817245, 1.0019833413278127]",
            "Biases": "[-0.4012348089907818, -0.06499708706975255, -0.5717425924402804, -1.564158374214814, 0.9580044227454442]"
          }
        },
        "fitness": 0.9999980000252477
      }
    },
    {
      "iteration": 3,
      "generations": 27,
      "best_fitness": 0.9999980000252477,
      "perfect_found": true,
      "final_avg_fitness": 0.281408822453827,
      "best_individual": {
        "expression": {
          "Individual": {
            "Head": "['multiply', 'not_f', '@1', 'x0', '@4']",
            "Tail": "['x0', 'x0', 'x0', 'x0', 'x0', 'x0']",
            "Weights": "[-1.8782452082757062, 1.3398668218955643, 1.9865650839437854, 1.5283821400704198, -0.1463287486689221]",
            "Biases": "[-0.00860651384994987, 0.7092864273135526, -0.7888679416494132, 3.029772987293493, 1.2013683242957287]"
          }
        },
        "fitness": 0.9999980000252477
      }
    },
    {
      "iteration": 4,
      "generations": 124,
      "best_fitness": 0.9999979938988108,
      "perfect_found": true,
      "final_avg_fitness": 0.5187626479208173,
      "best_individual": {
        "expression": {
          "Individual": {
            "Head": "['sigmoid', 'multiply', '@2', 'relu1', '@3']",
            "Tail": "['x0', 'x0', 'x0', 'x0', 'x0', 'x0']",
            "Weights": "[-2.995626074876121, -1.434493607840795, -1.6517702917030657, -3.600936681158535, 3.474630641379059]",
            "Biases": "[-0.0010030811760598501, -3.6433875606969788, -1.9181822751778264, 3.360710639657383, 0.49607008013460674]"
          }
        },
        "fitness": 0.9999979938988108
      }
    },
    {
      "iteration": 5,
      "generations": 79,
      "best_fitness": 0.9999980000252477,
      "perfect_found": true,
      "final_avg_fitness": 0.3033348838411091,
      "best_individual": {
        "expression": {
          "Individual": {
            "Head": "['multiply', 'not_f', 'subtract', '@2', 'x0']",
            "Tail": "['x0', 'x0', 'x0', 'x0', 'x0', 'x0']",
            "Weights": "[-0.5587137458521898, 1.9864422673321573, -2.8378291577747925, -3.4336601891344283, 4.388407843867297]",
            "Biases": "[0.47621909712323346, 2.110779075355926, 2.1727564233044188, 0.1238303712246514, -0.8504376942757406]"
          }
        },
        "fitness": 0.9999980000252477
      }
    },
    {
      "iteration": 6,
      "generations": 30,
      "best_fitness": 0.9999980000252477,
      "perfect_found": true,
      "final_avg_fitness": 0.4476251605146462,
      "best_individual": {
        "expression": {
          "Individual": {
            "Head": "['multiply', 'relu1', '@1', 'x0', '@2']",
            "Tail": "['x0', 'x0', 'x0', 'x0', 'x0', 'x0']",
            "Weights": "[1.617001422294762, -1.7948509966834267, 2.5551014481555345, -2.2394670651658584, 2.320625372858687]",
            "Biases": "[-0.581290697242769, -0.40014552746413656, -0.08855397918265184, 3.3821961861922634, -2.7214097409759415]"
          }
        },
        "fitness": 0.9999980000252477
      }
    },
    {
      "iteration": 7,
      "generations": 49,
      "best_fitness": 0.9999980000252477,
      "perfect_found": true,
      "final_avg_fitness": 0.38686534924789373,
      "best_individual": {
        "expression": {
          "Individual": {
            "Head": "['multiply', 'multiply', '@1', 'x0', 'x0']",
            "Tail": "['x0', 'x0', 'x0', 'x0', 'x0', 'x0']",
            "Weights": "[-2.4289249104728894, 0.8322723196472982, 2.56682920972818, 1.6756471459749087, 1.1314041743793206]",
            "Biases": "[0.04341006518626139, -1.09066811720945, -0.6136025257604067, 0.6200168729678619, -6.264375382171314]"
          }
        },
        "fitness": 0.9999980000252477
      }
    },
    {
      "iteration": 8,
      "generations": 42,
      "best_fitness": 0.9999980000252477,
      "perfect_found": true,
      "final_avg_fitness": 0.37304512053074995,
      "best_individual": {
        "expression": {
          "Individual": {
            "Head": "['multiply', 'multiply', '@1', 'x0', 'x0']",
            "Tail": "['x0', 'x0', 'x0', 'x0', 'x0', 'x0']",
            "Weights": "[-3.2150505360568227, 2.6975777767445184, 1.5170689797061157, 3.2894123055900932, -1.3365414851683461]",
            "Biases": "[0.33812456446075667, -0.4491415784508706, -2.284504151052351, 2.2319800404167975, 0.7492848512651957]"
          }
        },
        "fitness": 0.9999980000252477
      }
    },
    {
      "iteration": 9,
      "generations": 422,
      "best_fitness": 0.9999980000252477,
      "perfect_found": true,
      "final_avg_fitness": 0.4705930006988392,
      "best_individual": {
        "expression": {
          "Individual": {
            "Head": "['tanh', 'multiply', '@3', 'not_f', '@3']",
            "Tail": "['x0', 'x0', 'x0', 'x0', 'x0', 'x0']",
            "Weights": "[6.977248593664438, 7.743040635293606, 8.453268902635214, -4.24222712028408, 1.3061340751596195]",
            "Biases": "[0.627940447940883, -2.043606702449247, -0.014608920124515756, -1.3533827572376782, -1.1114058179879032]"
          }
        },
        "fitness": 0.9999980000252477
      }
    },
    {
      "iteration": 10,
      "generations": 708,
      "best_fitness": 0.9999980000252477,
      "perfect_found": true,
      "final_avg_fitness": 0.4366150572044279,
      "best_individual": {
        "expression": {
          "Individual": {
            "Head": "['multiply', '@4', 'not_f', 'x0', '@2']",
            "Tail": "['x0', 'x0', 'x0', 'x0', 'x0', 'x0']",
            "Weights": "[5.974430001413386, -1.5982039514572057, -2.2155225705093353, 0.8252576889085887, -3.990355704279251]",
            "Biases": "[-0.3603584104497406, -1.583353797616992, 3.521263385832365, 3.226995211229773, -4.633218237385801]"
          }
        },
        "fitness": 0.9999980000252477
      }
    },
    {
      "iteration": 11,
      "generations": 95,
      "best_fitness": 0.9999980000252477,
      "perfect_found": true,
      "final_avg_fitness": 0.4791066658552223,
      "best_individual": {
        "expression": {
          "Individual": {
            "Head": "['add', 'multiply', 'x0', '@2', 'not_f']",
            "Tail": "['x0', 'x0', 'x0', 'x0', 'x0', 'x0']",
            "Weights": "[0.9736886483520131, 4.704302236796387, -4.533551446850138, 1.914378846052173, -3.132285942083846]",
            "Biases": "[0.32020143161468395, -1.1224916479511609, -2.9410076050390463, 1.4578850043778067, 0.9003921445160448]"
          }
        },