{
  "parameters": {
    "iterations": 25,
    "population_size": 250,
    "max_generations": 2000,
    "crossover_rate": 0.8,
    "mutation_rate": 0.4,
    "tournament_size": 2,
    "elitism_ratio": 0.05,
    "head_length": 5
  },
  "results": [
    {
      "iteration": 1,
      "generations": 37,
      "best_fitness": 0.9999980000252477,
      "perfect_found": true,
      "final_avg_fitness": 0.4494364935699956,
      "best_individual": {
        "expression": {
          "Individual": {
            "Head": "['multiply', 'multiply', '@1', 'not_f', 'x0']",
            "Tail": "['x0', 'x0', 'x0', 'x0', 'x0', 'x0']",
            "Weights": "[1.5307577632503808, -0.33397163626945303, 2.655914432057248, -1.0578559427596717, -0.18483664766755412]",
            "Biases": "[1.3754765758651661, 1.7632745919797912, 0.5871675267989844, -1.4188302995092055, -1.9473852705111439]"
          }
        },
        "fitness": 0.9999980000252477
      }
    },
    {
      "iteration": 2,
      "generations": 144,
      "best_fitness": 0.9999980000252477,
      "perfect_found": true,
      "final_avg_fitness": 0.40470277768688734,
      "best_individual": {
        "expression": {
          "Individual": {
            "Head": "['tanh', 'x0', 'multiply', 'tanh1', '@1']",
            "Tail": "['x0', 'x0', 'x0', 'x0', 'x0', 'x0']",
            "Weights": "[12.66059660345638, 11.934673484664753, -7.659782636631141, -4.401523970507929, -2.1888402226842647]",
            "Biases": "[0.5136648001456965, -1.00487378200281, 0.6972934408457435, 2.8034696287506335, -1.2652988414506932]"
          }
        },
        "fitness": 0.9999980000252477
      }
    },
    {
      "iteration": 3,
      "generations": 73,
      "best_fitness": 0.9999980000252477,
      "perfect_found": true,
      "final_avg_fitness": 0.40183048401623306,
      "best_individual": {
        "expression": {
          "Individual": {
            "Head": "['multiply', '@3', 'relu', 'tanh1', '@1']",
            "Tail": "['x0', 'x0', 'x0', 'x0', 'x0', 'x0']",
            "Weights": "[1.3362994276728526, -1.685240348831921, -0.3977930092407381, 4.630641404473861, -2.748850721520448]",
            "Biases": "[0.4828605373713882, -1.7219632720032225, 0.8382060780420082, -0.6667530753261363, 0.6477640759714537]"
          }
        },
        "fitness": 0.9999980000252477
      }
    },
    {
      "iteration": 4,
      "generations": 186,
      "best_fitness": 0.9999980000252477,
      "perfect_found": true,
      "final_avg_fitness": 0.39000165190751535,
      "best_individual": {
        "expression": {
          "Individual": {
            "Head": "['multiply', 'not_f', '@1', 'x0', 'x0']",
            "Tail": "['x0', 'x0', 'x0', 'x0', 'x0', 'x0']",
            "Weights": "[5.612684432644908, -0.7088023126538359, 9.98289752419081, 3.1768172783634685, -1.9963458840180044]",
            "Biases": "[1.0191443264503472, -0.20146203313236, 2.675915542757774, 0.5524128287339785, 2.8090726728472193]"
          }
        },
        "fitness": 0.9999980000252477
      }
    },
    {
      "iteration": 5,
      "generations": 161,
      "best_fitness": 0.9999980000252477,
      "perfect_found": true,
      "final_avg_fitness": 0.3573613632159213,
      "best_individual": {
        "expression": {
          "Individual": {
            "Head": "['multiply', 'relu1', 'tanh1', 'x0', '@3']",
            "Tail": "['x0', 'x0', 'x0', 'x0', 'x0', 'x0']",
            "Weights": "[7.248945863274905, 5.358467952779653, 3.9896112673955932, -1.9651203282554313, 2.355615878441939]",
            "Biases": "[-0.3339743037956241, -1.6099928004345554, 0.03440282203027191, -1.1214051060717232, -4.861490141092368]"
          }
        },
        "fitness": 0.9999980000252477
      }
    },
    {
      "iteration": 6,
      "generations": 255,
      "best_fitness": 0.9999980000252477,
      "perfect_found": true,
      "final_avg_fitness": 0.4307408985172625,
      "best_individual": {
        "expression": {
          "Individual": {
            "Head": "['multiply', 'relu1', '@4', 'x0', '@1']",
            "Tail": "['x0', 'x0', 'x0', 'x0', 'x0', 'x0']",
            "Weights": "[0.3373899476112933, -4.892573132312796, 9.328642110828198, -4.734683713747606, -3.769783613063379]",
            "Biases": "[1.462313137078475, -1.0862189146035544, 4.028081066478014, -4.7339516290475325, 4.705296306510813]"
          }
        },
        "fitness": 0.9999980000252477
      }
    },
    {
      "iteration": 7,
      "generations": 42,
      "best_fitness": 0.9999980000252477,
      "perfect_found": true,
      "final_avg_fitness": 0.3006171410385625,
      "best_individual": {
        "expression": {
          "Individual": {
            "Head": "['relu1', 'multiply', 'add', '@2', 'x0']",
            "Tail": "['x0', 'x0', 'x0', 'x0', 'x0', 'x0']",
            "Weights": "[2.7428908556404274, 3.3520279018993273, -1.699344898722881, -0.49395742731293835, -4.213632457787083]",
            "Biases": "[-0.4445445446379954, -2.2770193400937524, 1.6365517798200018, 1.0787479351606697, 1.0757560994817357]"
          }
        },
        "fitness": 0.9999980000252477
      }
    },
    {
      "iteration": 8,
      "generations": 90,
      "best_fitness": 0.9999980000252477,
      "perfect_found": true,
      "final_avg_fitness": 0.33116704837780525,
      "best_individual": {
        "expression": {
          "Individual": {
            "Head": "['multiply', 'subtract', '@1', '@1', 'x0']",
            "Tail": "['x0', 'x0', 'x0', 'x0', 'x0', 'x0']",
            "Weights": "[-3.380013815767206, 2.6191688425803386, -0.32139695173354355, -2.5681379015955983, 1.052639575781227]",
            "Biases": "[-0.8677878482898771, -1.3221001404588157, 1.7012804139854047, -1.7896564021625962, 1.9847395532403236]"
          }
        },
        "fitness": 0.9999980000252477
      }
    },
    {
      "iteration": 9,
      "generations": 229,
      "best_fitness": 0.9999980000252477,
      "perfect_found": true,
      "final_avg_fitness": 0.3383368992266635,
      "best_individual": {
        "expression": {
          "Individual": {
            "Head": "['multiply', 'multiply', '@1', 'x0', 'sigmoid1']",
            "Tail": "['x0', 'x0', 'x0', 'x0', 'x0', 'x0']",
            "Weights": "[-1.1336457950987269, 0.8337294618354734, -1.3587796273920456, -4.036824864408121, -4.342340350814427]",
            "Biases": "[0.32620567679976264, -1.5593846136055547, 1.43353498878478, 3.7576495827668133, 4.88204790252468]"
          }
        },
        "fitness": 0.9999980000252477
      }
    },
    {
      "iteration": 10,
      "generations": 39,
      "best_fitness": 0.9999980000252477,
      "perfect_found": true,
      "final_avg_fitness": 0.2628964969862037,
      "best_individual": {
        "expression": {
          "Individual": {
            "Head": "['multiply', 'relu1', '@1', 'x0', '@4']",
            "Tail": "['x0', 'x0', 'x0', 'x0', 'x0', 'x0']",
            "Weights": "[-1.1726728372991968, 1.648380728294692, 2.3178635734068567, -4.700854069533957, 1.7199490008870153]",
            "Biases": "[0.40837724012728605, -0.6765358723802775, -1.9738167268156626, 0.1452190936908591, -3.5980744802805233]"
          }
        },
        "fitness": 0.9999980000252477
      }
    },
    {
      "iteration": 11,
      "generations": 356,
      "best_fitness": 0.9999980000252477,
      "perfect_found": true,
      "final_avg_fitness": 0.41817974281362863,
      "best_individual": {
        "expression": {
          "Individual": {
            "Head": "['relu', 'multiply', '@4', '@2', 'not_f']",
            "Tail": "['x0', 'x0', 'x0', 'x0', 'x0', 'x0']",
            "Weights": "[2.352482087585373, 5.0330085279630685, 6.967379971015112, -3.8926070407756996, 0.9641575931767083]",
            "Biases": "[-1.8098980069511683, -0.9513672788533825, -0.19942904877501133, -3.428961059997167, -1.160435207011758]"
          }
        },