{
    "parameters": {
        "iterations": 10,
        "population_size": 200,
        "max_generations": 5000,
        "crossover_rate": 0.75,
        "mutation_rate": 0.15,
        "tournament_size": 2,
        "elitism_ratio": 0.01,
        "head_length": 8
    },
    "results": [
        {
            "iteration": 1,
            "generations": 759,
            "best_fitness": 0.9999993,
            "perfect_found": true,
            "final_avg_fitness": 0.8136940972263846,
            "best_individual": {
                "expression": "Individual[Head:['relu', 'and_f', 'not_f', 'x1', 'x0', 'or_f', 'x1', 'x0']|Tail:['x0', 'x1', 'x1', 'x0', 'x0', 'x0', 'x0', 'x1', 'x0', 'x0', 'x0', 'x1', 'x0', 'x0', 'x1', 'x0', 'x1']|Weights:[-3.0201131136462602, 1.6805610008618097, 1.9491955094650668, 3.2816052963903983, -1.626609902699327, 5.102584191799262, 2.298207092999058, 1.474536494334695, -6.545180744084327, 2.5533339910835267, -2.7872854305734873, -2.928152550594696, -7.8272077398790385, 1.383415399121932, -1.1829233484920099, 3.569035935700045]|Biases:[-0.2328932010631127, -0.2421023369145736, -3.8548349935657944, 1.3512552488900467, -1.7802143071049679, -2.6651707032982332, -0.6686501016582105, 1.5961490422606934]]",
                "fitness": 0.9999993
            }
        },
        {
            "iteration": 2,
            "generations": 5000,
            "best_fitness": 0.8083331582937565,
            "perfect_found": false,
            "final_avg_fitness": 0.7985347174845217,
            "best_individual": {
                "expression": "Individual[Head:['relu', 'x0', 'x1', 'tanh', 'x1', 'x1', 'x1', 'x0']|Tail:['x1', 'x1', 'x0', 'x1', 'x1', 'x1', 'x1', 'x0', 'x0', 'x1', 'x0', 'x0', 'x1', 'x0', 'x0', 'x1', 'x0']|Weights:[4.033692405183984, -6.043442191899766, 0.08472255470405399, 2.0122289470376478, 1.7742194784949057, -1.1685717595561267, 0.49967482470396873, 3.347849035648814, 2.148356850869069, 1.2703341635843355, -1.7534132802107967, -0.09513631609853002, -2.1847747334414422, 6.327035469872468, 1.213365694905758, -2.1355823674076078]|Biases:[0.33334202080802705, 1.39128322629746, -1.2313570864024108, 2.55118106107877, -0.7296615955800199, 1.9455962274513015, -0.47881221460642626, -1.9126055054666662]]",
                "fitness": 0.8083331582937565
            }
        },
        {
            "iteration": 3,
            "generations": 166,
            "best_fitness": 0.9999993,
            "perfect_found": true,
            "final_avg_fitness": 0.8794243980539512,
            "best_individual": {
                "expression": "Individual[Head:['tanh', 'relu', 'tanh', 'x1', 'x0', 'x1', 'not_f', 'x0']|Tail:['x1', 'x0', 'x1', 'x0', 'x0', 'x0', 'x0', 'x1', 'x0', 'x0', 'x1', 'x0', 'x1', 'x0', 'x0', 'x0', 'x1']|Weights:[4.893533014478001, -2.6655192221508264, 0.6922482978388056, -1.3224208292992599, 3.2243818176101726, 1.1172955023820579, 2.2726369741893673, -1.7772499982625143, -2.7140519993548726, -0.9429763937869606, 0.17534863948822021, 0.2933266943939181, 0.2690957188606262, -0.02318591997027397, 0.5679361820220947, 3.5194718837738037]|Biases:[0.3168273851392928, 0.03788239136338234, 0.011224404296075075, -0.3375268275089626, 1.09460144929221, 1.321801078547406, 1.0600054117735733, -0.2026876411261559]]",
                "fitness": 0.9999993
            }
        },
        {
            "iteration": 4,
            "generations": 5000,
            "best_fitness": 0.8083331546269326,
            "perfect_found": false,
            "final_avg_fitness": 0.7880085372184601,
            "best_individual": {
                "expression": "Individual[Head:['and_f', 'x0', 'not_f', 'x1', 'tanh', 'relu', 'sigmoid', 'x1']|Tail:['x1', 'x1', 'x0', 'x0', 'x1', 'x0', 'x1', 'x1', 'x0', 'x1', 'x0', 'x0', 'x1', 'x1', 'x0', 'x1', 'x0']|Weights:[2.173564470878685, 0.6139183879968622, 1.4280544787677116, 0.5551415063595392, -0.796524100193334, -1.3157246740648758, -1.9573218901349436, -1.247283892622751, 0.40578274863596375, -2.3936339099305286, 2.297183739757423, 1.3096308708190918, -2.00416510674454, -0.9557428470527947, 3.0134436357025685, 2.582717554153697]|Biases:[0.33341734195782957, 0.7935382127761841, -0.21364995927759645, -0.9514268449501138, -1.216246287697682, 0.8011662142522558, 1.0128333568572998, 1.5196602820081104]]",
                "fitness": 0.8083331546269326
            }
        },
        {
            "iteration": 5,
            "generations": 2864,
            "best_fitness": 0.9999762123390092,
            "perfect_found": true,
            "final_avg_fitness": 0.9396884288367611,
            "best_individual": {
                "expression": "Individual[Head:['tanh', 'and_f', 'relu', 'x1', 'x0', 'x0', 'x1', 'sigmoid']|Tail:['x0', 'x1', 'x0', 'x1', 'x1', 'x0', 'x1', 'x1', 'x0', 'x0', 'x1', 'x0', 'x1', 'x1', 'x0', 'x0', 'x1']|Weights:[-3.235965976150486, 0.8291636458867144, 0.7497212984977526, 1.0028182069389264, 2.015772202915998, 1.8443701211371502, -5.333758645707516, 2.80193472143218, 0.7829003263663525, 0.21116435456990695, -4.6863716936631175, 4.8940174081014955, 2.555124663486491, -0.7121561327131343, 0.13147398013257422, -1.042126883258338]|Biases:[0.41652843049530885, -0.9449909896133033, -4.206133262103707, -3.6274985785486, -0.3360280889505788, -1.8520081434958406, -2.9778354698500826, -4.4878627586989275]]",
                "fitness": 0.9999762123390092
            }
        },
        {
            "iteration": 6,
            "generations": 5000,
            "best_fitness": 0.808333156866423,
            "perfect_found": false,
            "final_avg_fitness": 0.7968770809348175,
            "best_individual": {
                "expression": "Individual[Head:['relu', 'x1', 'x0', 'x0', 'x1', 'x1', 'x1', 'sigmoid']|Tail:['x1', 'x0', 'x0', 'x1', 'x1', 'x0', 'x1', 'x0', 'x0', 'x0', 'x1', 'x1', 'x0', 'x0', 'x1', 'x1', 'x0']|Weights:[1.285004734992981, -3.9369201500023423, -3.240272912611407, -3.4572368822180146, 1.4697705138059547, -0.47478004076567637, 9.33890724544755, -3.802885445051044, -5.707781419245506, 1.262222689088048, -6.256978753995778, 6.955896908695333, 0.7952926709935413, -1.0624156826069275, 3.9974778905197184, -1.4386525272452282]|Biases:[0.33328046547120976, 0.04561198974573988, -2.345467730002685, 0.8751541582340668, 1.3782380706314445, 3.458294156815364, -5.436788464345468, -1.317840944463721]]",
                "fitness": 0.808333156866423
            }
        },
        {
            "iteration": 7,
            "generations": 5000,
            "best_fitness": 0.8083331513617248,
            "perfect_found": false,
            "final_avg_fitness": 0.8003651990132371,
            "best_individual": {
                "expression": "Individual[Head:['or_f', 'x1', 'x0', 'x1', 'x1', 'x1', 'x0', 'x0']|Tail:['x0', 'x1', 'x0', 'x1', 'x1', 'x0', 'x1', 'x1', 'x1', 'x1', 'x1', 'x1', 'x1', 'x1', 'x1', 'x1', 'x1']|Weights:[5.828984420809216, 2.0275555270687304, 3.593620538633788, 2.885135689096031, 3.4379102882196015, 0.06710091076511349, -1.1913401278359468, -0.16932025918252636, -0.061808662463805286, 2.102881271220898, -2.2386267407171068, 0.18561847781311824, -0.6733745002898399, -4.224519959611554, 1.6386302360493914, 1.5074763195419245]|Biases:[-0.3332181253125747, 4.987020520714376, 0.208684881354671, 0.2071842144461472, -1.6237758425841107, -0.827157346811799, 1.5673512119839208, 3.758428006491652]]",
                "fitness": 0.8083331513617248
            }
        },
        {
            "iteration": 8,
            "generations": 2621,
            "best_fitness": 0.9999993,
            "perfect_found": true,
            "final_avg_fitness": 0.8553789436299113,